<?xml version="1.0" encoding="utf-8"?>
<extension type="component" version="1.6.0" method="upgrade">
    <name>com_seomozapi</name>
    <creationDate>2013-04-24</creationDate>
    <copyright>Copyright (C) 2013. All rights reserved.</copyright>
    <license>GNU General Public License version 2 or later; see LICENSE.txt</license>
    <author>michael lucy</author>
    <authorEmail>michael.lucy@3vbizsolutions.com</authorEmail>
    <authorUrl>http://3vbizsolutions.com</authorUrl>
    <version>0.0.11</version>
    <description>Testing seomozapi</description>
    
    <install> <!-- Runs on install -->
        <sql>
            <file driver="mysql" charset="utf8">sql/install.mysql.utf8.sql</file>
        </sql>
    </install>
    <uninstall> <!-- Runs on uninstall -->
        <sql>
            <file driver="mysql" charset="utf8">sql/uninstall.mysql.utf8.sql</file>
        </sql>
    </uninstall>
    <files folder="site">
        <filename>index.html</filename>
        <filename>seomozapi.php</filename>
        <filename>controller.php</filename>
        <filename>router.php</filename>
        <folder>assets</folder>
        <folder>jSON</folder>
        <folder>views</folder>
        <folder>models</folder>
        <folder>controllers</folder>
        <folder>helpers</folder>
    </files>
    <languages folder="site">
        <language tag="en-GB">language/en-GB.com_seomozapi.ini
        </language>
    </languages>

    <administration>
        <menu img="components/com_seomozapi/assets/images/s_com_seomozapi.png" >COM_SEOMOZAPI</menu>
        <submenu>
            
            <menu link="option=com_seomozapi&amp;view=requests" view="requests" img="components/com_seomozapi/assets/images/s_requests.png" alt="Seomozapi/Requests">COM_SEOMOZAPI_TITLE_REQUESTS</menu>

        </submenu>
        <files folder="administrator">
            <filename>access.xml</filename>
            <filename>config.xml</filename>
            <filename>controller.php</filename>
            <filename>index.html</filename>
            <filename>seomozapi.php</filename>
            <folder>controllers</folder>
            <folder>assets</folder>
            <folder>helpers</folder>
            <folder>models</folder>
            <folder>sql</folder>
            <folder>tables</folder>
            <folder>views</folder>
        </files>
        
        <languages folder="administrator">
            
            <language tag="en-GB">language/en-GB.com_seomozapi.ini</language>
            <language tag="en-GB">language/en-GB.com_seomozapi.sys.ini</language>
        </languages>
    </administration>
    
</extension>
<!-- Component built by the Joomla Component Creator -->
<!-- http://www.notwebdesign.com/joomla-component-creator/ -->
